<?xml version="1.0" encoding="UTF-8"?>
<project-private xmlns="http://www.netbeans.org/ns/project-private/1">
    <editor-bookmarks xmlns="http://www.netbeans.org/ns/editor-bookmarks/2" lastBookmarkId="0"/>
    <open-files xmlns="http://www.netbeans.org/ns/projectui-open-files/2">
        <group>
            <file>file:/C:/Users/DELL/Documents/NetBeansProjects/MineSweeper/src/minesweeper/gui.java</file>
            <file>file:/C:/Users/DELL/Documents/NetBeansProjects/MineSweeper/src/minesweeper/GRID.java</file>
            <file>file:/C:/Users/DELL/Documents/NetBeansProjects/MineSweeper/src/minesweeper/MineSweeper.java</file>
            <file>file:/C:/Users/DELL/Documents/NetBeansProjects/MineSweeper/src/minesweeper/Play.java</file>
            <file>file:/C:/Users/DELL/Documents/NetBeansProjects/MineSweeper/src/minesweeper/Cell.java</file>
            <file>file:/C:/Users/DELL/Documents/NetBeansProjects/MineSweeper/src/minesweeper/Game.java</file>
            <file>file:/C:/Users/DELL/Documents/NetBeansProjects/MineSweeper/src/minesweeper/Data.java</file>
        </group>
    </open-files>
</project-private>
